{
    "format_version": "1.10.0",
    "animations": {
        "animation.totem.animation": {
            "loop": true,
            "bones": {
                "rightitem": {
                    "position": [
                        0.5,
                        -3,
                        -6
                    ],
                    "rotation": [
                        90,
                        0,
                        180
                    ],
                    "scale": 0.4
                },
                "leftitem": {
                    "position": [
                        -0.5,
                        -3,
                        -6
                    ],
                    "rotation": [
                        90,
                        0,
                        180
                    ],
                    "scale": 0.4
                }
            }
        }
    }
}