{
	"format_version": "1.12.0",
	"minecraft:geometry": [
		{
			"description": {
				"identifier": "geometry.asa_slim_totem_right",
				"texture_width": 64,
				"texture_height": 64,
				"visible_bounds_width": 3,
				"visible_bounds_height": 3.5,
				"visible_bounds_offset": [
					0,
					1.25,
					0
				]
			},
			"bones": [
				{
					"name": "rightitem",
					"pivot": [
						0,
						15,
						0
					]
				},
				{
					"name": "totem_head",
					"parent": "rightitem",
					"pivot": [
						0,
						24,
						0
					],
					"cubes": [
						{
							"origin": [
								-4,
								24,
								-4
							],
							"size": [
								8,
								8,
								8
							],
							"uv": [
								0,
								0
							]
						},
						{
							"origin": [
								-4,
								24,
								-4
							],
							"size": [
								8,
								8,
								8
							],
							"inflate": 0.5,
							"uv": [
								32,
								0
							]
						}
					]
				},
				{
					"name": "totem_body",
					"parent": "rightitem",
					"pivot": [
						0,
						-2,
						0
					],
					"cubes": [
						{
							"origin": [
								-4,
								12,
								-2
							],
							"size": [
								8,
								12,
								4
							],
							"uv": [
								16,
								16
							]
						},
						{
							"origin": [
								-4,
								12,
								-2
							],
							"size": [
								8,
								12,
								4
							],
							"inflate": 0.5,
							"uv": [
								16,
								32
							]
						}
					]
				},
				{
					"name": "totem_right_hand",
					"parent": "rightitem",
					"pivot": [
						0,
						5,
						0
					],
					"cubes": [
						{
							"origin": [
								-8,
								12,
								-2
							],
							"size": [
								4,
								12,
								4
							],
							"uv": [
								40,
								16
							]
						},
						{
							"origin": [
								4,
								12,
								-2
							],
							"size": [
								4,
								12,
								4
							],
							"inflate": 0.5,
							"uv": [
								48,
								48
							]
						}
					]
				},
				{
					"name": "totem_left_hand",
					"parent": "rightitem",
					"pivot": [
						-1,
						6,
						-1
					],
					"cubes": [
						{
							"origin": [
								4,
								12,
								-2
							],
							"size": [
								4,
								12,
								4
							],
							"uv": [
								32,
								48
							]
						},
						{
							"origin": [
								-8,
								12,
								-2
							],
							"size": [
								4,
								12,
								4
							],
							"inflate": 0.5,
							"uv": [
								40,
								32
							]
						}
					]
				},
				{
					"name": "totem_left_foot",
					"parent": "rightitem",
					"pivot": [
						0,
						-2,
						0
					],
					"cubes": [
						{
							"origin": [
								0,
								0,
								-2
							],
							"size": [
								4,
								12,
								4
							],
							"uv": [
								16,
								48
							]
						},
						{
							"origin": [
								0,
								0,
								-2
							],
							"size": [
								4,
								12,
								4
							],
							"inflate": 0.5,
							"uv": [
								0,
								48
							]
						}
					]
				},
				{
					"name": "totem_right_foot",
					"parent": "rightitem",
					"pivot": [
						0,
						-2,
						0
					],
					"cubes": [
						{
							"origin": [
								-4,
								0,
								-2
							],
							"size": [
								4,
								12,
								4
							],
							"uv": [
								0,
								16
							]
						},
						{
							"origin": [
								-4,
								0,
								-2
							],
							"size": [
								4,
								12,
								4
							],
							"inflate": 0.5,
							"uv": [
								0,
								32
							]
						}
					]
				}
			]
		}
	]
}